Date,High,Normalized High,Moving Average,Label,Actual Next Day
2020-03-19,46.0,1.0,0.016666666666666666,1.0,46.009998
2020-03-20,46.009998,1.0,0.03333333333333333,0.9128450733686186,42.0
2020-03-23,42.0,0.9128450733686186,0.04854741788947698,0.8693762603510654,40.0
2020-03-24,40.0,0.8693762603510654,0.06303702222866141,0.9737013898587867,44.799999
2020-03-25,44.799999,0.9737013898587867,0.07926537872630784,1.0,47.5
2020-03-26,47.5,1.0,0.09593204539297452,1.0,47.5
2020-03-27,47.5,1.0,0.11259871205964118,1.0,50.0
2020-03-30,50.0,1.0,0.12926537872630786,1.0,50.0
2020-03-31,50.0,1.0,0.14593204539297452,0.97,48.5
2020-04-01,48.5,0.97,0.16209871205964121,0.9732,48.66
2020-04-02,48.66,0.9732,0.1783187120596412,0.98599998,49.299999
2020-04-03,49.299999,0.98599998,0.19475204505964122,0.95699996,47.849998
2020-04-06,47.849998,0.95699996,0.21070204439297455,0.93980004,46.990002
2020-04-07,46.990002,0.93980004,0.22636537839297455,0.90400002,45.200001
2020-04-08,45.200001,0.90400002,0.24143204539297453,1.0,50.25
2020-04-09,50.25,1.0,0.2580987120596412,0.9685571741293533,48.669998
2020-04-13,48.669998,0.9685571741293533,0.2742413316284638,0.9213930149253732,46.299999
2020-04-14,46.299999,0.9213930149253732,0.28959788187722,0.8925372736318408,44.849998
2020-04-15,44.849998,0.8925372736318408,0.3044735031044174,0.923522407960199,46.407001
2020-04-16,46.407001,0.923522407960199,0.3198655432370874,0.9663681791044776,48.560001
2020-04-17,48.560001,0.9663681791044776,0.33597167955549534,0.9349253731343283,46.98
2020-04-20,46.98,0.9349253731343283,0.3515537691077341,0.9393035024875622,47.200001
2020-04-21,47.200001,0.9393035024875622,0.3672088274825268,0.986069631840796,49.549999
2020-04-22,49.549999,0.986069631840796,0.38364332134654006,0.9560199203980099,48.040001
2020-04-23,48.040001,0.9560199203980099,0.39957698668650693,0.9651741293532339,48.5
2020-04-24,48.5,0.9651741293532339,0.41566322217572743,0.9671641393034826,48.599998
2020-04-27,48.599998,0.9671641393034826,0.43178262449745214,1.0,50.950001
2020-04-28,50.950001,1.0,0.4484492911641188,1.0,51.73
2020-04-29,51.73,1.0,0.46511595783078546,0.9974869128165476,51.599998
2020-04-30,51.599998,0.9974869128165476,0.4817407397110613,0.9768026097042335,50.529999
2020-05-01,50.529999,0.9768026097042335,0.4980207832061318,0.9601778078484439,49.669998
2020-05-04,49.669998,0.9601778078484439,0.5140237466702725,0.9789290353759909,50.639999
2020-05-05,50.639999,0.9789290353759909,0.5303392305932058,0.9472259810554804,49.0
2020-05-06,49.0,0.9472259810554804,0.5461263302774637,1.0,53.290001
2020-05-07,53.290001,1.0,0.5627929969441304,1.0,54.169998
2020-05-08,54.169998,1.0,0.579459663610797,0.96732516032214,52.400002
2020-05-11,52.400002,0.96732516032214,0.5955817496161661,0.9652944975187187,52.290001
2020-05-12,52.290001,0.9652944975187187,0.611669991241478,0.9285582583924038,50.299999
2020-05-13,50.299999,0.9285582583924038,0.6271459622146849,0.8934835478487557,48.400002
2020-05-14,48.400002,0.8934835478487557,0.6420373546788307,0.9086210599453964,49.220001
2020-05-15,49.220001,0.9086210599453964,0.657181039011254,0.966217499214233,52.34
2020-05-18,52.34,0.966217499214233,0.6732846639981579,0.9770722347082236,52.928001
2020-05-19,52.928001,0.9770722347082236,0.6895692012432949,1.0,54.700001
2020-05-20,54.700001,1.0,0.7062358679099616,0.9789761978249324,53.549999
2020-05-21,53.549999,0.9789761978249324,0.7225521378737105,0.9638025600767357,52.720001
2020-05-22,52.720001,0.9638025600767357,0.7386155138749895,0.9870201282080415,53.990002
2020-05-26,53.990002,0.9870201282080415,0.7550658493451236,0.9625228708862363,52.650002
2020-05-27,52.650002,0.9625228708862363,0.7711078971932275,0.968007313199135,52.950001
2020-05-28,52.950001,0.968007313199135,0.7872413524132131,0.966544753810882,52.869999
2020-05-29,52.869999,0.966544753810882,0.8033504316433945,0.9952467642550866,54.439999
2020-06-01,54.439999,0.9952467642550866,0.8199378777143126,1.0,54.75
2020-06-02,54.75,1.0,0.8366045443809792,1.0,55.580002
2020-06-03,55.580002,1.0,0.8532712110476459,1.0,56.66
2020-06-04,56.66,1.0,0.8699378777143125,1.0,58.709
2020-06-05,58.709,1.0,0.8866045443809792,1.0,61.32
2020-06-08,61.32,1.0,0.9032712110476459,1.0,61.459999
2020-06-09,61.459999,1.0,0.9199378777143126,0.9918646272675663,60.959999
2020-06-10,60.959999,0.9918646272675663,0.9364689548354387,0.9448421891448452,58.07
2020-06-11,58.07,0.9448421891448452,0.9522163246545194,0.9596485675178744,58.98
2020-06-12,58.98,0.9596485675178744,0.968210467446484,0.9404490715985856,57.799999
2020-06-15,57.799999,0.9404490715985856,0.9672179519731271,0.9729905625283202,59.799999
2020-06-16,59.799999,0.9729905625283202,0.9667677946819324,0.9467946623298839,58.189999
2020-06-17,58.189999,0.9467946623298839,0.9673336211646202,0.9384965984135469,57.68
2020-06-18,57.68,0.9384965984135469,0.9684856267989949,0.9593231363378317,58.959999
2020-06-19,58.959999,0.9593231363378317,0.9682459892403122,0.9466319711459806,58.18
2020-06-22,58.18,0.9466319711459806,0.9673565220927453,0.9415880237811263,57.869999
2020-06-23,57.869999,0.9415880237811263,0.9663829891557641,0.9269443854042366,56.970001
2020-06-24,56.970001,0.9269443854042366,0.965165395579168,0.9192971187650035,56.5
2020-06-25,56.5,0.9192971187650035,0.9638203475585847,0.9189717038557061,56.48
2020-06-26,56.48,0.9189717038557061,0.9629698759561798,0.9241783261337182,56.799999
2020-06-29,56.799999,0.9241783261337182,0.9621528480584085,0.929059533502433,57.099998
2020-06-30,57.099998,0.929059533502433,0.9612038406167823,0.9274324914974371,57.0
2020-07-01,57.0,0.9274324914974371,0.9607110494750729,0.9313375029504962,57.240002
2020-07-02,57.240002,0.9313375029504962,0.9605700071909146,0.9368695564085512,57.580002
2020-07-06,57.580002,0.9368695564085512,0.9611178327977238,0.9324764388622915,57.310001
2020-07-07,57.310001,0.9324764388622915,0.9599924401120953,0.9298731358586582,57.150002
2020-07-08,57.150002,0.9298731358586582,0.959347706140917,0.942726975963667,57.939999
2020-07-09,57.939999,0.942726975963667,0.9597032721582219,0.9324764388622915,57.310001
2020-07-10,57.310001,0.9324764388622915,0.9603689249120627,0.942726975963667,57.939999
2020-07-13,57.939999,0.942726975963667,0.9606890010454538,0.9347543432273729,57.450001
2020-07-14,57.450001,0.9347543432273729,0.9601621037808354,0.9599739824271718,59.0
2020-07-15,59.0,0.9599739824271718,0.9605795806023829,0.9528148706933757,58.560001
2020-07-16,58.560001,0.9528148706933757,0.9608047700724798,0.9604620885203723,59.029999
2020-07-17,59.029999,0.9604620885203723,0.960377977683806,0.9705499995208265,59.650002
2020-07-20,59.650002,0.9705499995208265,0.9606201456691862,0.9589977214285343,58.939999
2020-07-21,58.939999,0.9589977214285343,0.9605172055371078,0.9588350302446311,58.93
2020-07-22,58.93,0.9588350302446311,0.9603783870527935,0.9675886750339843,59.467999
2020-07-23,59.467999,0.9675886750339843,0.95983819830336,0.963146777792821,59.195
2020-07-24,59.195,0.963146777792821,0.9592239779332403,0.9508623486961006,58.439999
2020-07-27,58.439999,0.9508623486961006,0.9584469018645662,1.0,61.830002
2020-07-28,61.830002,1.0,0.9588335250361623,1.0,64.360001
2020-07-29,64.360001,1.0,0.9594972282386881,1.0,64.519997
2020-07-30,64.519997,1.0,0.9598484109824217,0.9832610345595645,63.439999
2020-07-31,63.439999,0.9832610345595645,0.9604489952074896,0.9891506969536902,63.82
2020-08-03,63.82,0.9891506969536902,0.9602681734900512,0.9748915828374883,62.900002
2020-08-04,62.900002,0.9748915828374883,0.9598496998706759,0.9865158859198334,63.650002
2020-08-05,63.650002,0.9865158859198334,0.9601695452973042,0.9845009757207521,63.52
2020-08-06,63.52,0.9845009757207521,0.960489653267338,0.9992251084574599,64.470001
2020-08-07,64.470001,0.9992251084574599,0.9616674341017556,1.0,65.300003
2020-08-10,65.300003,1.0,0.9634427083042764,1.0,65.949997
2020-08-11,65.949997,1.0,0.9649656906385198,0.9927218192291957,65.470001
2020-08-12,65.470001,0.9927218192291957,0.9654074293054359,0.9849886573914477,64.959999
2020-08-13,64.959999,0.9849886573914477,0.9655393696834895,0.9781653515465665,64.510002
2020-08-14,64.510002,0.9781653515465665,0.9651754588759324,0.9784685661168416,64.529999
2020-08-17,64.529999,0.9784685661168416,0.965166998347464,0.9764974212205044,64.400002
2020-08-18,64.400002,0.9764974212205044,0.9653785793665269,0.9642153584934964,63.59
2020-08-19,63.59,0.9642153584934964,0.9649984998712845,0.9590599374856682,63.25
2020-08-20,63.25,0.9590599374856682,0.9649407843146083,0.9664898392641322,63.740002
2020-08-21,63.740002,0.9664898392641322,0.9649154930823582,0.9739197258795933,64.230003
2020-08-24,64.230003,0.9739197258795933,0.9650384092835035,0.9827141917838146,64.809998
2020-08-25,64.809998,0.9827141917838146,0.964829533075649,0.9824109772135396,64.790001
2020-08-26,64.790001,0.9824109772135396,0.9645363826958746,0.9841546922284168,64.904999
2020-08-27,64.904999,0.9841546922284168,0.9642722942330149,0.9648218937750672,63.630001
2020-08-28,63.630001,0.9648218937750672,0.9636859924625993,0.9680061092345464,63.84
2020-08-31,63.84,0.9680061092345464,0.9631527609498417,0.9746778153757916,64.279999
2020-09-01,64.279999,0.9746778153757916,0.9627307245394383,0.9940864440069648,65.559998
2020-09-02,65.559998,0.9940864440069648,0.9626321652728878,0.9924184985178999,65.449997
2020-09-03,65.449997,0.9924184985178999,0.9626413964603933,0.949203955232932,62.599998
2020-09-04,62.599998,0.949203955232932,0.9627140925618615,0.9363154330393677,61.75
2020-09-08,61.75,0.9363154330393677,0.9623252069872197,0.9481425601884409,62.529999
2020-09-09,62.529999,0.9481425601884409,0.9624534317970507,0.9398029237211337,61.98
2020-09-10,61.98,0.9398029237211337,0.9619003044835975,0.9205458947935965,60.709999
2020-09-11,60.709999,0.9205458947935965,0.9614628250246594,0.9184230895416114,60.57
2020-09-14,60.57,0.9184230895416114,0.9611282665434605,0.9343442274910188,61.619999
2020-09-15,61.619999,0.9343442274910188,0.9607119513960137,0.9250947805198536,61.009998
2020-09-16,61.009998,0.9250947805198536,0.9603529982189116,0.9263078510829956,61.09
2020-09-17,61.09,0.9263078510829956,0.9600983286739427,0.9498104905145031,62.639999
2020-09-18,62.639999,0.9498104905145031,0.9604794304257804,0.9131160536671443,60.220001
2020-09-21,60.220001,0.9131160536671443,0.9603764126741495,0.9267627260089186,61.119999
2020-09-22,61.119999,0.9267627260089186,0.9605062630433697,0.9366186930986518,61.77
2020-09-23,61.77,0.9366186930986518,0.9607136024927853,0.9514784360035681,62.75
2020-09-24,62.75,0.9514784360035681,0.9610872508678042,0.9454132044918819,62.349998
2020-09-25,62.349998,0.9454132044918819,0.9613869294177118,0.953449641551917,62.880001
2020-09-28,62.880001,0.953449641551917,0.9617554650610688,0.9516300357072042,62.759998
2020-09-29,62.759998,0.9516300357072042,0.9620014730493797,0.9643669581971324,63.599998
2020-09-30,63.599998,0.9643669581971324,0.9625329817049604,0.9737680655239453,64.220001
2020-10-01,64.220001,0.9737680655239453,0.9632645638660485,0.9619408928858633,63.439999
2020-10-02,63.439999,0.9619408928858633,0.9635847958147519,0.9799848360872557,64.629997
2020-10-05,64.629997,0.9799848360872557,0.964376602435168,0.9855951926730186,65.0
2020-10-06,65.0,0.9855951926730186,0.9650910727136571,0.9949962999998317,65.620003
2020-10-07,65.620003,0.9949962999998317,0.9660951053265314,0.9933283545107667,65.510002
2020-10-08,65.510002,0.9933283545107667,0.9666510115279247,0.995754374333027,65.669998
2020-10-09,65.669998,0.995754374333027,0.9673666699219189,1.0,65.985001
2020-10-12,65.985001,1.0,0.968025635113246,0.9971963628522186,65.800003
2020-10-13,65.800003,0.9971963628522186,0.9684697411687693,1.0,66.0
2020-10-14,66.0,1.0,0.9691531124782937,0.9914393636363635,65.434998
2020-10-15,65.434998,0.9914393636363635,0.9696965180348227,0.9971211818181818,65.809998
2020-10-16,65.809998,0.9971211818181818,0.9701887264812259,0.9915151818181819,65.440002
2020-10-19,65.440002,0.9915151818181819,0.9706615332149818,0.9960605757575758,65.739998
2020-10-20,65.739998,0.9960605757575758,0.9714148369993398,0.9822727575757575,64.830002
2020-10-21,64.830002,0.9822727575757575,0.9711193829589357,0.9695454848484848,63.990002
2020-10-22,63.990002,0.9695454848484848,0.9706118077064104,0.9699999545454546,64.019997
2020-10-23,64.019997,0.9699999545454546,0.9701118069488347,0.968030287878788,63.889999
2020-10-26,63.889999,0.968030287878788,0.9698579611708219,0.9581818484848484,63.240002
2020-10-27,63.240002,0.9581818484848484,0.9693418136963411,0.9281817878787879,61.259998
2020-10-28,61.259998,0.9281817878787879,0.9685633171136961,0.927121196969697,61.189999
2020-10-29,61.189999,0.927121196969697,0.9675734056311938,0.9287878636363637,61.299999
2020-10-30,61.299999,0.9287878636363637,0.9666448537631207,0.9510606060606062,62.77
2020-11-02,62.77,0.9510606060606062,0.9658421120565065,0.9674242121212121,63.849998
2020-11-03,63.849998,0.9674242121212121,0.9652991822585266,0.9643181818181819,63.645
2020-11-04,63.645,0.9643181818181819,0.9647044852888296,0.9689394090909091,63.950001
2020-11-05,63.950001,0.9689394090909091,0.9643081117865248,0.966818196969697,63.810001
2020-11-06,63.810001,0.966818196969697,0.9640052707794956,1.0,67.290001
2020-11-09,67.290001,1.0,0.9643691815870529,0.9796106110921293,65.917999
2020-11-10,65.917999,0.9796106110921293,0.9643882156699743,0.9857334078505957,66.330002
2020-11-11,66.330002,0.9857334078505957,0.9645421487804758,0.9876652996334476,66.459999
2020-11-12,66.459999,0.9876652996334476,0.9649329811328083,0.991826378483781,66.739998
2020-11-13,66.739998,0.991826378483781,0.9654790884827769,1.0,67.639999
2020-11-16,67.639999,1.0,0.966037591161708,1.0,67.949997
2020-11-17,67.949997,1.0,0.9664722623970481,1.0,67.980003
2020-11-18,67.980003,1.0,0.9667603592006512,0.9883789207835135,67.190002
2020-11-19,67.190002,0.9883789207835135,0.9668598249268174,0.9817592682365726,66.739998
2020-11-20,66.739998,0.9817592682365726,0.96681990119362,0.9933803474530593,67.529999
2020-11-23,67.529999,0.9933803474530593,0.9672958754215866,1.0,68.040001
2020-11-24,68.040001,1.0,0.9678291069343442,0.9916225750790332,67.470001
2020-11-25,67.470001,0.9916225750790332,0.9681115195960649,1.0,68.209999
2020-11-27,68.209999,1.0,0.9682100788626155,0.9925230610251146,67.699997
2020-11-30,67.699997,0.9925230610251146,0.9682118215710691,0.9992670429448328,68.160004
2020-12-01,68.160004,0.9992670429448328,0.9690462063662674,0.9862189999445683,67.269997
2020-12-02,67.269997,0.9862189999445683,0.9698779324813541,0.9800615595962698,66.849998
2020-12-03,66.849998,0.9800615595962698,0.970409915804818,0.9682304642754795,66.042999
2020-12-04,66.042999,0.9682304642754795,0.9708837081473903,0.9574842245636156,65.309998
2020-12-07,65.309998,0.9574842245636156,0.9714993469768907,0.9697991932238557,66.150002
2020-12-08,66.150002,0.9697991932238557,0.9723556153715947,0.9706787856718778,66.209999
2020-12-09,66.209999,0.9706787856718778,0.9729611913412757,0.9696525431703936,66.139999
2020-12-10,66.139999,0.9696525431703936,0.9737038207187846,0.9365196003008298,63.880001
2020-12-11,63.880001,0.9365196003008298,0.9738740165390818,0.9454625266890856,64.489998
2020-12-14,64.489998,0.9454625266890856,0.9738015504753249,0.9615891652483385,65.589996
2020-12-15,65.589996,0.9615891652483385,0.9746094356683448,0.9577774953493255,65.330002
2020-12-16,65.330002,0.9577774953493255,0.9751263484906849,0.9722914671205316,66.32
2020-12-17,66.32,0.9722914671205316,0.975720894724383,0.9705321502790228,66.199997
2020-12-18,66.199997,0.9705321502790228,0.9760384566289738,0.974637208248603,66.480003
2020-12-21,66.480003,0.974637208248603,0.9765255233582525,0.9674534374351773,65.989998
2020-12-22,65.989998,0.9674534374351773,0.9767589199563067,0.9711185892261925,66.239998
2020-12-23,66.239998,0.9711185892261925,0.9770837291816232,0.9673069046665724,65.980003
2020-12-24,65.980003,0.9673069046665724,0.9771327282894472,0.9763964078052545,66.599998
2020-12-28,66.599998,0.9763964078052545,0.9771765339941356,0.9763964078052545,66.599998
2020-12-29,66.599998,0.9763964078052545,0.9774174592427921,0.9797684060954172,66.830002
2020-12-30,66.830002,0.9797684060954172,0.9774138520762615,0.9923765282565099,67.690002
2020-12-31,67.690002,0.9923765282565099,0.9775268743359863,0.9972144553176142,68.019997
2021-01-04,68.019997,0.9972144553176142,0.9775638435912826,0.9737574985157237,66.419998
2021-01-05,66.419998,0.9737574985157237,0.9772376626580319,0.9870987096774477,67.330002
2021-01-06,67.330002,0.9870987096774477,0.9770934015804389,0.9962615891549859,67.955002
2021-01-07,67.955002,0.9962615891549859,0.977031094733022,0.9964814836018396,67.970001
2021-01-08,67.970001,0.9964814836018396,0.9770191800788489,0.9791819671482477,66.790001
2021-01-11,66.790001,0.9791819671482477,0.9766722128646531,0.9793286025411027,66.800003
2021-01-12,66.800003,0.9793286025411027,0.9764703668463988,0.9607829491391725,65.535004
2021-01-13,65.535004,0.9607829491391725,0.975864729635082,0.9583639342964951,65.370003
2021-01-14,65.370003,0.9583639342964951,0.9753122088430538,0.9630553139283877,65.690002
2021-01-15,65.690002,0.9630553139283877,0.9747621211459007,0.9741973020700382,66.449997
2021-01-19,66.449997,0.9741973020700382,0.9746275302208054,0.9749303764100627,66.5
2021-01-20,66.5,0.9749303764100627,0.9747172784134984,0.9564579820621314,65.239998
2021-01-21,65.239998,0.9564579820621314,0.9744915788721097,0.9560181785078167,65.209999
2021-01-22,65.209999,0.9560181785078167,0.9742913770492602,0.9472218435305944,64.610001
2021-01-25,64.610001,0.9472218435305944,0.9741087103000226,0.9542588616663079,65.089996
2021-01-26,65.089996,0.9542588616663079,0.9745433281964814,0.9237648280862752,63.009998
2021-01-27,63.009998,0.9237648280862752,0.974487388715091,0.95030055637444,64.82
2021-01-28,64.82,0.95030055637444,0.9748459335940589,0.9674534374351773,65.989998
2021-01-29,65.989998,0.9674534374351773,0.9751191474503017,0.9677467082208872,66.010002
2021-02-01,66.010002,0.9677467082208872,0.9751245223852963,0.9790353317553927,66.779999
2021-02-02,66.779999,0.9790353317553927,0.9753698082175831,0.9510336307144646,64.870003
2021-02-03,64.870003,0.9510336307144646,0.9750713785779758,0.9401846934494165,64.129997
2021-02-04,64.129997,0.9401846934494165,0.9746274868526378,0.9412109359509007,64.199997
2021-02-05,64.199997,0.9412109359509007,0.9736476691184861,0.9460489656362553,64.529999
2021-02-08,64.529999,0.9460489656362553,0.9730883083608882,0.9469726278694125,64.593002
2021-02-09,64.593002,0.9469726278694125,0.9724422953612019,0.9661340414328404,65.900002
2021-02-10,65.900002,0.9661340414328404,0.9720834410578584,0.9559595654003749,65.206001
2021-02-11,65.206001,0.9559595654003749,0.9714856608398017,0.9461956010291103,64.540001
2021-02-12,64.540001,0.9461956010291103,0.9705889208569535,0.9432634062932621,64.339996
2021-02-16,64.339996,0.9432634062932621,0.9696433109618412,0.9290426613259444,63.369999
2021-02-17,63.369999,0.9290426613259444,0.968460688650607,0.9321214328122187,63.580002
2021-02-18,63.580002,0.9321214328122187,0.9675230638510854,0.930288856916711,63.455002
2021-02-19,63.455002,0.930288856916711,0.966665223662421,0.9323413272590725,63.595001
2021-02-22,63.595001,0.9323413272590725,0.9656479066591879,0.9319747974193637,63.57
2021-02-23,63.57,0.9319747974193637,0.964514153282844,0.9442897660796037,64.410004
2021-02-24,64.410004,0.9442897660796037,0.9637252731328535,0.9516200696616343,64.910004
2021-02-25,64.910004,0.9516200696616343,0.9629189409605474,0.9513267842153172,64.889999
2021-02-26,64.889999,0.9513267842153172,0.9622323363470507,0.963934921037017,65.75
2021-03-01,65.75,0.963934921037017,0.9616434676485872,0.9653276933782099,65.845001
2021-03-02,65.845001,0.9653276933782099,0.9612952792058145,0.9917901039699474,67.650002
2021-03-03,67.650002,0.9917901039699474,0.9614907549453757,0.9807946485969016,66.900002
2021-03-04,66.900002,0.9807946485969016,0.9617001580173994,0.9545521471126249,65.110001
2021-03-05,65.110001,0.9545521471126249,0.9616512900598829,0.9724381025133866,66.330002
2021-03-08,66.330002,0.9724381025133866,0.961695271881375,0.9771294968058862,66.650002
2021-03-09,66.650002,0.9771294968058862,0.9618027837336085,0.9748571173560638,66.495003
2021-03-10,66.495003,0.9748571173560638,0.9618895266367031,0.9916434539164852,67.639999
2021-03-11,67.639999,0.9916434539164852,0.9628082575302975,0.9917901039699474,67.650002
2021-03-12,67.650002,0.9917901039699474,0.9635803838183119,0.9769828467524242,66.639999
2021-03-15,66.639999,0.9769828467524242,0.9638369451767133,0.9964814836018396,67.970001
2021-03-16,67.970001,0.9964814836018396,0.9644820116475885,1.0,68.650002
2021-03-17,68.650002,1.0,0.9649438205289129,0.9998542898804286,68.639999
2021-03-18,68.639999,0.9998542898804286,0.9654325228556032,0.9889293084070122,67.889999
2021-03-19,67.889999,0.9889293084070122,0.96567072452491,0.9750910422406106,66.940002
2021-03-22,66.940002,0.9750910422406106,0.965798017938334,0.9863073128533921,67.709999
2021-03-23,67.709999,0.9863073128533921,0.9660511633321206,0.9899489733445309,67.959999
2021-03-24,67.959999,0.9899489733445309,0.9664285311434199,0.992570968898151,68.139999
2021-03-25,68.139999,0.992570968898151,0.9666981071616348,1.0,69.379997
2021-03-26,69.379997,1.0,0.9670915003648806,1.0,70.669998
2021-03-29,70.669998,1.0,0.9674286935966236,0.9974529502604484,70.489998
2021-03-30,70.489998,0.9974529502604484,0.9675133006300226,0.9908023062346768,70.019997
2021-03-31,70.019997,0.9908023062346768,0.9674064314786404,0.9854252295295097,69.639999
2021-04-01,69.639999,0.9854252295295097,0.9676008936622035,0.9862742178088075,69.699997
2021-04-05,69.699997,0.9862742178088075,0.9675871521310595,0.9970991650516248,70.464996
2021-04-06,70.464996,0.9970991650516248,0.9676011117293368,0.9943398753173871,70.269997
2021-04-07,70.269997,0.9943398753173871,0.9675654182579293,0.9854959526106113,69.644997
2021-04-08,69.644997,0.9854959526106113,0.9676706513489687,1.0,70.949997
2021-04-09,70.949997,1.0,0.9680151746399502,1.0,71.105003
2021-04-12,71.105003,1.0,0.9686687921542974,1.0,71.235001
2021-04-13,71.235001,1.0,0.9693627265826892,0.9977538569838723,71.074997
2021-04-14,71.074997,0.9977538569838723,0.9699410356336139,1.0,71.239998
2021-04-15,71.239998,1.0,0.9703710805991133,1.0,71.410004
2021-04-16,71.410004,1.0,0.9707889076589455,0.9996498809886637,71.385002
2021-04-19,71.385002,0.9996498809886637,0.9715087726410544,1.0,71.690002
2021-04-20,71.690002,1.0,0.9722418029992573,0.9914911426561264,71.080002
2021-04-21,71.080002,0.9914911426561264,0.9729796246513496,1.0,71.75
2021-04-22,71.75,1.0,0.973741976956911,1.0,71.980003
2021-04-23,71.980003,1.0,0.9750125631554731,1.0,76.879997
2021-04-26,76.879997,1.0,0.9758408872158991,1.0,79.260002
2021-04-27,79.260002,1.0,0.9763833299253128,1.0,79.5
2021-04-28,79.5,1.0,0.9769208847882981,0.9952201635220126,79.120003
2021-04-29,79.120003,0.9952201635220126,0.9771906319844085,0.9895597232704403,78.669998
2021-04-30,78.669998,0.9895597232704403,0.9778327335270081,0.9949685283018868,79.099998
2021-05-03,79.099998,0.9949685283018868,0.9787457974412159,1.0,79.559998
2021-05-04,79.559998,1.0,0.9797256151753676,0.9959778782297104,79.239998
2021-05-05,79.239998,0.9959778782297104,0.9805577637185918,0.9914404221076024,78.878998
2021-05-06,78.878998,0.9914404221076024,0.9812988936225616,0.9923328178062549,78.949997
2021-05-07,78.949997,0.9923328178062549,0.9817355398954519,0.9942181999552088,79.099998
2021-05-10,79.099998,0.9942181999552088,0.9823731838046991,0.9817747984357668,78.110001
2021-05-11,78.110001,0.9817747984357668,0.9829661704281434,0.9798894037176824,77.959999
2021-05-12,77.959999,0.9798894037176824,0.9835766037185504,0.9744218696435866,77.525002
2021-05-13,77.525002,0.9744218696435866,0.9843329238571777,0.9984917546126637,79.440002
2021-05-14,79.440002,0.9984917546126637,0.9854390958871853,0.9952237555360423,79.18
2021-05-17,79.18,0.9952237555360423,0.9865213441975075,1.0,79.690002
2021-05-18,79.690002,1.0,0.9876489887431895,0.9787927976209612,78.0
2021-05-19,78.0,0.9787927976209612,0.9884292887465496,0.9770360025841133,77.860001
2021-05-20,77.860001,0.9770360025841133,0.988975059354958,0.9825574229499956,78.300003
2021-05-21,78.300003,0.9825574229499956,0.989490681909764,0.9829338691696856,78.330002
2021-05-24,78.330002,0.9829338691696856,0.9900174666590034,0.9864474717920071,78.610001
2021-05-25,78.610001,0.9864474717920071,0.9903926758382532,0.9816790191572587,78.230003
2021-05-26,78.230003,0.9816790191572587,0.9906651979345708,0.9924707493419311,79.089996
2021-05-27,79.089996,0.9924707493419311,0.9906765420241039,0.9877023092558084,78.709999
2021-05-28,78.709999,0.9877023092558084,0.9907916697017524,1.0,79.830002
2021-06-01,79.830002,1.0,0.9915491339165421,0.9865965179357005,78.760002
2021-06-02,78.760002,0.9865965179357005,0.991785107506914,0.9949893274460899,79.43
2021-06-03,79.43,0.9949893274460899,0.9920827713509174,1.0,79.919998
2021-06-04,79.919998,1.0,0.9925018193949829,1.0,80.805
2021-06-07,80.805,1.0,0.9926410951630414,1.0,80.949997
2021-06-08,80.949997,1.0,0.9927779267635424,1.0,81.18
2021-06-09,81.18,1.0,0.9931615459843353,1.0,81.559998
2021-06-10,81.559998,1.0,0.9932201879243046,0.9930112798678589,80.989998
2021-06-11,80.989998,0.9930112798678589,0.9931037092554356,0.990681767795041,80.800003
2021-06-14,80.800003,0.990681767795041,0.9929508338873456,0.9964443231104544,81.269997
2021-06-15,81.269997,0.9964443231104544,0.993076084132403,0.9969347718718679,81.309998
2021-06-16,81.309998,0.9969347718718679,0.993440146292924,0.9954635114140147,81.190002
2021-06-17,81.190002,0.9954635114140147,0.9935927496022677,0.9829573316075856,80.169998
2021-06-18,80.169998,0.9829573316075856,0.9934762222399853,0.994359980244237,81.099998
2021-06-21,81.099998,0.994359980244237,0.9935060390957534,1.0,81.809998
2021-06-22,81.809998,1.0,0.9935060390957534,0.9981665566108436,81.660004
2021-06-23,81.660004,0.9981665566108436,0.993475481705934,0.9986554088413497,81.699997
2021-06-24,81.699997,0.9986554088413497,0.9934955226822825,1.0,81.910004
2021-06-25,81.910004,1.0,0.9936488175783712,0.9980465878136204,81.75
2021-06-28,81.75,0.9980465878136204,0.9938591735497729,1.0,82.470001
2021-06-29,82.470001,1.0,0.9940879365862929,0.9992724990993999,82.410004
2021-06-30,82.410004,0.9992724990993999,0.9941241588204225,0.999029926045472,82.389999
2021-07-01,82.389999,0.999029926045472,0.9942023263325572,1.0,82.940002
2021-07-02,82.940002,1.0,0.9944440604557137,0.9955389198085621,82.57
2021-07-06,82.57,0.9955389198085621,0.9943697091191896,1.0,84.650002
2021-07-07,84.650002,1.0,0.9943697091191896,0.9914943652334468,83.93
2021-07-08,83.93,0.9914943652334468,0.9942279485397472,0.9924394567645728,84.010002
2021-07-09,84.010002,0.9924394567645728,0.9941393752027589,0.9910218194678838,83.889999
2021-07-12,83.889999,0.9910218194678838,0.993989738860557,0.9969284938705613,84.389999
2021-07-13,84.389999,0.9969284938705613,0.993938547091733,1.0,84.982002
2021-07-14,84.982002,1.0,0.9939443824085886,1.0,85.419998
2021-07-15,85.419998,1.0,0.9939443824085886,1.0,85.550003
2021-07-16,85.550003,1.0,0.9940861966976532,0.9866744715368391,84.410004
2021-07-19,84.410004,0.9866744715368391,0.9938641045566005,1.0,86.290001
2021-07-20,86.290001,1.0,0.9938641045566005,1.0,86.910004
2021-07-21,86.910004,1.0,0.9938641045566005,1.0,87.650002
2021-07-22,87.650002,1.0,0.9938641045566005,1.0,88.818001
2021-07-23,88.818001,1.0,0.9938641045566005,1.0,90.199997
2021-07-26,90.199997,1.0,0.9939437684979002,0.9884257313223636,89.155998
2021-07-27,89.155998,0.9884257313223636,0.9939248686320991,0.9804878596614589,88.440002
2021-07-28,88.440002,0.9804878596614589,0.9936835241547585,0.986031097096378,88.940002
2021-07-29,88.940002,0.986031097096378,0.9934507091063648,0.9954545896492658,89.790001
2021-07-30,89.790001,0.9954545896492658,0.9934419876300241,1.0,90.669998
2021-08-02,90.669998,1.0,0.993584647261564,1.0,91.82
2021-08-03,91.82,1.0,0.9937124336314598,0.9983663472010457,91.669998
2021-08-04,91.669998,0.9983663472010457,0.9937815694188905,0.9955347854497931,91.410004
2021-08-05,91.410004,0.9955347854497931,0.9940109025357909,0.9945545632759747,91.32
2021-08-06,91.32,0.9945545632759747,0.9942553218617625,0.9808320409496841,90.059998
2021-08-09,90.059998,0.9808320409496841,0.9943621580501975,0.9862774776737094,90.559998
2021-08-10,90.559998,0.9862774776737094,0.9941585867678815,0.9860596928773688,90.540001
2021-08-11,90.540001,0.9860596928773688,0.9940058523902369,0.9848616859072099,90.43
2021-08-12,90.43,0.9848616859072099,0.9937535471553571,0.9913961990851667,91.029999
2021-08-13,91.029999,0.9913961990851667,0.9939636038464272,1.0,92.099998
2021-08-16,92.099998,1.0,0.994346337136692,0.9961998044777374,91.75
2021-08-17,91.75,0.9961998044777374,0.9945737101621543,0.9958740824294046,91.720001
2021-08-18,91.720001,0.9958740824294046,0.9947893803831497,0.9868621169785476,90.889999
2021-08-19,90.889999,0.9868621169785476,0.9947962911362588,0.9816504447698251,90.410004
2021-08-20,90.410004,0.9816504447698251,0.9947958148964682,0.9879478824744383,90.989998
2021-08-23,90.989998,0.9879478824744383,0.9947204337820099,0.9854506402920877,90.760002
2021-08-24,90.760002,0.9854506402920877,0.9946829059659479,0.993159641545269,91.470001
2021-08-25,91.470001,0.993159641545269,0.9945688999917023,0.9989142453618729,92.0
2021-08-26,92.0,0.9989142453618729,0.9947741954488052,1.0,92.679001
2021-08-27,92.679001,1.0,0.994857706658037,1.0,92.839996
2021-08-30,92.839996,1.0,0.994857706658037,0.99789962291683,92.644997
2021-08-31,92.644997,0.99789962291683,0.9948227003733175,0.9931064301209147,92.199997
2021-09-01,92.199997,0.9931064301209147,0.9947078075419995,0.9959069688025406,92.459999
2021-09-02,92.459999,0.9959069688025406,0.9946395903553752,0.9958531450173694,92.455002
2021-09-03,92.455002,0.9958531450173694,0.9945704761056647,0.9863205939819298,91.57
2021-09-07,91.57,0.9863205939819298,0.9944589646742326,0.9808272503587785,91.059998
2021-09-08,91.059998,0.9808272503587785,0.9942947227169616,0.982981537396878,91.260002
2021-09-09,91.260002,0.982981537396878,0.9940703429550688,0.9827660699166769,91.239998
2021-09-10,91.239998,0.9827660699166769,0.9938341979224822,0.9878285539779644,91.709999
2021-09-13,91.709999,0.9878285539779644,0.9937069486318814,0.9783499128974542,90.830002
2021-09-14,90.830002,0.9783499128974542,0.9936301583200459,0.9756571079559287,90.580002
2021-09-15,90.580002,0.9756571079559287,0.9933184437819075,0.9731796843248464,90.349998
2021-09-16,90.349998,0.9731796843248464,0.992871438520655,0.9419431362319317,87.449997
2021-09-17,87.449997,0.9419431362319317,0.9919343815143399,0.9090909698014206,84.400002
2021-09-20,84.400002,0.9090909698014206,0.9904416408636743,0.9060750390381318,84.120003
2021-09-21,84.120003,0.9060750390381318,0.9888762248476431,0.9214778833036572,85.550003
2021-09-22,85.550003,0.9214778833036572,0.9876000797724771,0.9350495663528464,86.809998
2021-09-23,86.809998,0.9350495663528464,0.9865175725450245,0.9278866944371691,86.144997
2021-09-24,86.144997,0.9278866944371691,0.9853278091339874,0.9170078163295052,85.135002
2021-09-27,85.135002,0.9170078163295052,0.9839607739720545,0.9064627490936126,84.155998
2021-09-28,84.155998,0.9064627490936126,0.9824018197902814,0.9089832252901002,84.389999
2021-09-29,84.389999,0.9089832252901002,0.9809592248816404,0.9056441794762679,84.080002
2021-09-30,84.080002,0.9056441794762679,0.9793866278729115,0.8940112405864387,83.0
2021-10-01,83.0,0.8940112405864387,0.9777619091287947,0.8953576430572013,83.125
2021-10-04,83.125,0.8953576430572013,0.9761438789003385,0.9020358316258437,83.745003
2021-10-05,83.745003,0.9020358316258437,0.9746607791029712,0.8993968504694895,83.5
2021-10-06,83.5,0.8993968504694895,0.9730352517129534,0.9167385250641329,85.110001
2021-10-07,85.110001,0.9167385250641329,0.9716475604640222,0.908929401504929,84.385002
2021-10-08,84.385002,0.908929401504929,0.970129717155771,0.8993968504694895,83.5
2021-10-11,83.5,0.8993968504694895,0.9684529979969291,0.8852326749346262,82.184998
2021-10-12,82.184998,0.8852326749346262,0.9667623013868922,0.8863636853237262,82.290001
2021-10-13,82.290001,0.8863636853237262,0.9648683628089544,0.8992891167293889,83.489998
2021-10-14,83.489998,0.8992891167293889,0.9631898480877776,0.9122146235335901,84.690002
2021-10-15,84.690002,0.9122146235335901,0.9617267584800042,0.9033714628768403,83.869003
2021-10-18,83.869003,0.9033714628768403,0.9601162828612849,0.912753141437016,84.739998
2021-10-19,84.739998,0.912753141437016,0.9586621685519018,0.9312796502059306,86.459999
2021-10-20,86.459999,0.9312796502059306,0.9577097338666278,0.9197544450562019,85.389999
2021-10-21,85.389999,0.9197544450562019,0.9566975102898735,0.9339724551474561,86.709999
2021-10-22,86.709999,0.9339724551474561,0.9558298662573914,0.9042438670505759,83.949997
2021-10-25,83.949997,0.9042438670505759,0.9543096875474133,0.8897027311375584,82.599998
2021-10-26,82.599998,0.8897027311375584,0.9524713997330393,0.8706377152364375,80.830002
2021-10-27,80.830002,0.8706377152364375,0.9503153616536466,0.8634210195355889,80.160004
2021-10-28,80.160004,0.8634210195355889,0.9480662728592222,0.8776390188556233,81.480003
2021-10-29,81.480003,0.8776390188556233,0.9461013434159861,0.8741922393016907,81.160004
2021-11-01,81.160004,0.8741922393016907,0.9440953046830813,0.8773158176353217,81.449997
2021-11-02,81.449997,0.8773158176353217,0.9423700342945086,0.8813012012624386,81.82
2021-11-03,81.82,0.8813012012624386,0.940620429687654,0.8817320608243024,81.860001
2021-11-04,81.860001,0.8817320608243024,0.938881635820103,0.8908875760830494,82.709999
2021-11-05,82.709999,0.8908875760830494,0.937315400656367,0.8874300253093504,82.389
2021-11-08,82.389,0.8874300253093504,0.9355826310934368,0.9012279362872873,83.669998
2021-11-09,83.669998,0.9012279362872873,0.9339364300315581,0.9096294769336267,84.449997
2021-11-10,84.449997,0.9096294769336267,0.9324935912391562,0.9015510621090504,83.699997
2021-11-11,83.699997,0.9015510621090504,0.9309215409004836,0.9225549945090477,85.650002
2021-11-12,85.650002,0.9225549945090477,0.929849755525992,0.9219086566957629,85.589996
2021-11-15,85.589996,0.9219086566957629,0.9288540590580909,0.9154459463785414,84.989998
2021-11-16,84.989998,0.9154459463785414,0.9276456934564926,0.9268095832317788,86.044998
2021-11-17,86.044998,0.9268095832317788,0.9266683425054876,0.9308487906440669,86.419998
2021-11-18,86.419998,0.9308487906440669,0.9256298283238009,0.9460362535991491,87.830002
2021-11-19,87.830002,0.9460362535991491,0.9247485284610888,0.9305256648223036,86.389999
2021-11-22,86.389999,0.9305256648223036,0.9235906228747939,0.9088216677648284,84.375
2021-11-23,84.375,0.9088216677648284,0.9220709840042076,0.9107066635375556,84.550003
2021-11-24,84.550003,0.9107066635375556,0.920617768014553,0.907259873212403,84.230003
2021-11-26,84.230003,0.907259873212403,0.9191869920660777,0.9084446319881359,84.339996
2021-11-29,84.339996,0.9084446319881359,0.9177292864525043,0.900258569593217,83.580002
2021-11-30,83.580002,0.900258569593217,0.9161360435287684,0.8976734122220341,83.339996
2021-12-01,83.339996,0.8976734122220341,0.9146585904994369,0.8947544547502997,83.069
2021-12-02,83.069,0.8947544547502997,0.9132240439059622,0.9004739509036601,83.599998
2021-12-03,83.599998,0.9004739509036601,0.9118489174644085,0.9100603364954906,84.489998
2021-12-06,84.489998,0.9100603364954906,0.9106371552407221,0.9291254385663696,86.260002
2021-12-07,86.260002,0.9291254385663696,0.9096587699838621,0.9318828385128323,86.515999
2021-12-08,86.515999,0.9318828385128323,0.9088843187441183,0.9328953547132854,86.610001
2021-12-09,86.610001,0.9328953547132854,0.908171622856741,0.9324644951514215,86.57
2021-12-10,86.57,0.9324644951514215,0.9074930363705173,0.9332184697638289,86.639999
2021-12-13,86.639999,0.9332184697638289,0.9073476252627155,0.9198621895675222,85.400002
2021-12-14,85.400002,0.9198621895675222,0.9075271455921505,0.9197006212710307,85.385002
2021-12-15,85.385002,0.9197006212710307,0.9077542386293657,0.9356419834399821,86.864998
2021-12-16,86.864998,0.9356419834399821,0.907990306964971,0.9335415955855924,86.669998
2021-12-17,86.669998,0.9335415955855924,0.9079651741188501,0.896704045527964,83.25
2021-12-20,83.25,0.896704045527964,0.9074454633036967,0.907798391115829,84.279999
2021-12-21,84.279999,0.907798391115829,0.9072919728834686,0.9108143218791176,84.559998
2021-12-22,84.559998,0.9108143218791176,0.9073644990965604,0.9218871250274505,85.587997
2021-12-23,85.587997,0.9218871250274505,0.9075795640921829,0.9321413693296584,86.540001
2021-12-27,86.540001,0.9321413693296584,0.9080211839230726,0.9339724551474561,86.709999
2021-12-28,86.709999,0.9339724551474561,0.9086872041657563,0.9396058353987865,87.233002
2021-12-29,87.233002,0.9396058353987865,0.909424674038116,0.9400474554091967,87.274002
2021-12-30,87.274002,0.9400474554091967,0.910058201101172,0.9432249436977572,87.569
2021-12-31,87.569,0.9432249436977572,0.9107886693216432,0.950237018536709,88.220001
2022-01-03,88.220001,0.950237018536709,0.9113469775461861,0.9312796502059306,86.459999
2022-01-04,86.459999,0.9312796502059306,0.9117194816912028,0.9382271300399453,87.105003
2022-01-05,87.105003,0.9382271300399453,0.9123666530173772,0.9153382880369793,84.980003
2022-01-06,84.980003,0.9153382880369793,0.9128684132357496,0.9184618771418301,85.269997
2022-01-07,85.269997,0.9184618771418301,0.9134033830993846,0.9122146235335901,84.690002
2022-01-10,84.690002,0.9122146235335901,0.9136188082127881,0.929448564388133,86.290001
2022-01-11,86.290001,0.929448564388133,0.9139060405603636,0.9407582912864408,87.339996
2022-01-12,87.339996,0.9407582912864408,0.9145291543671904,0.9444205490917945,87.68
2022-01-13,87.68,0.9444205490917945,0.91505694449477,0.9225010845541183,85.644997
2022-01-14,85.644997,0.9225010845541183,0.9149106350672399,0.9063981648598951,84.150002
2022-01-18,84.150002,0.9063981648598951,0.9146880303973014,0.9095218185920646,84.440002
2022-01-19,84.440002,0.9095218185920646,0.9142805197880449,0.9058595607867109,84.099998
2022-01-20,84.099998,0.9058595607867109,0.9143074480169805,0.9037053599183696,83.900002
2022-01-21,83.900002,0.9037053599183696,0.9145408251633272,0.8977811459621347,83.349998
2022-01-24,83.349998,0.8977811459621347,0.9149932156754222,0.9007970767254234,83.629997
2022-01-25,83.629997,0.9007970767254234,0.9156161499619196,0.9114606489211826,84.620003
2022-01-26,84.620003,0.9114606489211826,0.9161798437963456,0.8985351313457619,83.419998
2022-01-27,83.419998,0.8985351313457619,0.9165855586637467,0.8920724210285402,82.82
2022-01-28,82.82,0.8920724210285402,0.9168315020536337,0.9230396778560825,85.695
2022-01-31,85.695,0.9230396778560825,0.9175271433301944,0.9303102835118605,86.370003
2022-02-01,86.370003,0.9303102835118605,0.918336780374987,0.9081430378346849,84.311996
2022-02-02,84.311996,0.9081430378346849,0.9186243714041809,0.9007970767254234,83.629997
2022-02-03,83.629997,0.9007970767254234,0.9188471555944487,0.8964886534463012,83.230003
2022-02-04,83.230003,0.8964886534463012,0.9187681675470991,0.892934140152268,82.900002
2022-02-07,82.900002,0.892934140152268,0.9184899119340765,0.9075829990341663,84.260002
2022-02-08,84.260002,0.9075829990341663,0.9185904442161619,0.9167815776295379,85.113998
2022-02-09,85.113998,0.9167815776295379,0.9184942206015033,0.8975657646516917,83.330002
2022-02-10,83.330002,0.8975657646516917,0.9180885057341022,0.8815165825728817,81.839996
2022-02-11,81.839996,0.8815165825728817,0.9175230163373411,0.864390386229659,80.25
2022-02-14,80.25,0.864390386229659,0.9164826963873057,0.8797932304951845,81.68
2022-02-15,81.68,0.8797932304951845,0.9156317703848242,0.8543731518471844,79.32
2022-02-16,79.32,0.8543731518471844,0.9141040520222916,0.841232242190101,78.099998
2022-02-17,78.099998,0.841232242190101,0.9126158283117548,0.828522202866101,76.919998
2022-02-18,76.919998,0.828522202866101,0.9112775038967762,0.83487726561298,77.510002
2022-02-22,77.510002,0.83487726561298,0.9100136805980333,0.8272297103502676,76.800003
2022-02-23,76.800003,0.8272297103502676,0.908679844550331,0.8286299366062015,76.93
2022-02-24,76.93,0.8286299366062015,0.9073495996272987,0.8485566824022699,78.779999
2022-02-25,78.779999,0.8485566824022699,0.9064879015074495,0.8501723761384049,78.93
2022-02-28,78.93,0.8501723761384049,0.9056962175727222,0.8453253595573184,78.480003
2022-03-01,78.480003,0.8453253595573184,0.904872399319506,0.8509801853072032,79.004997
2022-03-02,79.004997,0.8509801853072032,0.9040475032262317,0.8675140507330483,80.540001
2022-03-03,80.540001,0.8675140507330483,0.9033383984635244,0.8464024707627087,78.580002
2022-03-04,78.580002,0.8464024707627087,0.9019596823334635,0.8411245084500003,78.089996
2022-03-07,78.089996,0.8411245084500003,0.9004470434990829,0.8103188953174879,75.230003
2022-03-08,75.230003,0.8103188953174879,0.8984041025091528,0.8207669138632879,76.199997
2022-03-09,76.199997,0.8207669138632879,0.8965424761543506,0.8029944658765389,74.550003
2022-03-10,74.550003,0.8029944658765389,0.8943720760895624,0.7983089314221857,74.114998
2022-03-11,74.114998,0.7983089314221857,0.8923461884538068,0.7903382503377101,73.375
2022-03-14,73.375,0.7903382503377101,0.8901901489382513,0.7961008959974535,73.910004
2022-03-15,73.910004,0.7961008959974535,0.8878644641475426,0.8275528361720308,76.830002
2022-03-16,76.830002,0.8275528361720308,0.8860979848239833,0.8233520604632513,76.440002
2022-03-17,76.440002,0.8233520604632513,0.8848754517395714,0.8441405253830472,78.370003
2022-03-18,78.370003,0.8441405253830472,0.8838144873106918,0.8419324037885568,78.165001
2022-03-21,78.165001,0.8419324037885568,0.8826664553425158,0.8464024707627087,78.580002
2022-03-22,78.580002,0.8464024707627087,0.8814083777714367,0.8359543768183704,77.610001
2022-03-23,77.610001,0.8359543768183704,0.8798052612295819,0.8344464060511161,77.470001
2022-03-24,77.470001,0.8344464060511161,0.8781464937446429,0.8374623368144049,77.75
2022-03-25,77.75,0.8374623368144049,0.8764441021015699,0.8406937350578947,78.050003
2022-03-28,78.050003,0.8406937350578947,0.8747882067623816,0.8562042376649822,79.489998
2022-03-29,79.489998,0.8562042376649822,0.8733378616618352,0.847156456146336,78.650002
2022-03-30,78.650002,0.847156456146336,0.8716198522886623,0.843871223346455,78.345001
2022-03-31,78.345001,0.843871223346455,0.8701630451743377,0.8321197902679789,77.253998
2022-04-01,77.253998,0.8321197902679789,0.8683945895114716,0.8266911170483032,76.75
2022-04-04,76.75,0.8266911170483032,0.8669171366616605,0.8247522974904048,76.57
2022-04-05,76.57,0.8247522974904048,0.8653553103341367,0.8223826075994229,76.349998
2022-04-06,76.349998,0.8223826075994229,0.8638581100685673,0.8400474080158298,77.989998
2022-04-07,77.989998,0.8400474080158298,0.8623680907956955,0.8423093533954913,78.199997
2022-04-08,78.199997,0.8423093533954913,0.8607272751641797,0.8321844606714546,77.260002
2022-04-11,77.260002,0.8321844606714546,0.8588566736905073,0.8314304752878275,77.190002
2022-04-12,77.190002,0.8314304752878275,0.8573388302027357,0.8239983121067778,76.5
2022-04-13,76.5,0.8239983121067778,0.8559654993235172,0.823836754581506,76.485001
2022-04-14,76.485001,0.823836754581506,0.8545374149233412,0.8085954678412524,75.07
2022-04-18,75.07,0.8085954678412524,0.8529163467075837,0.8130117002590134,75.480003
2022-04-19,75.480003,0.8130117002590134,0.851404785713261,0.8225980858508438,76.370003
2022-04-20,76.370003,0.8225980858508438,0.8501517347114061,0.8253985383627117,76.629997
2022-04-21,76.629997,0.8253985383627117,0.8488950924053609,0.8038560988305083,74.629997
2022-04-22,74.629997,0.8038560988305083,0.8471016832371829,0.8189358280454903,76.029999
2022-04-25,76.029999,0.8189358280454903,0.8457750281821784,0.7967471368697603,73.970001
2022-04-26,73.970001,0.7967471368697603,0.8441862734461989,0.8008401680672197,74.349998
2022-04-27,74.349998,0.8008401680672197,0.8421496149497177,0.8242137041884405,76.519997
2022-04-28,76.519997,0.8242137041884405,0.8403813386276607,0.8177509830999994,75.919998
2022-04-29,75.919998,0.8177509830999994,0.8388748043820827,0.7975011222533874,74.040001
2022-05-02,74.040001,0.7975011222533874,0.8371532051408821,0.7930848790644067,73.629997
2022-05-03,73.629997,0.7930848790644067,0.8354298089011839,0.8275528361720308,76.830002
2022-05-04,76.830002,0.8275528361720308,0.8343401205015133,0.8196898026578976,76.099998
2022-05-05,76.099998,0.8196898026578976,0.8328752338952421,0.8064412562016913,74.870003
2022-05-06,74.870003,0.8064412562016913,0.8310362285381114,0.7991168159895226,74.190002
2022-05-09,74.190002,0.7991168159895226,0.8293954127270752,0.8056872708180642,74.800003
2022-05-10,74.800003,0.8056872708180642,0.8281315908644948,0.7968548706098608,73.980003
2022-05-11,73.980003,0.7968548706098608,0.8270059989374983,0.8003016609350134,74.300003
2022-05-12,74.300003,0.8003016609350134,0.8256811394448288,0.8131193586005756,75.489998
2022-05-13,75.489998,0.8131193586005756,0.824993576224052,0.8063335224615907,74.860001
2022-05-16,74.860001,0.8063335224615907,0.8244119308952434,0.8127962327788122,75.459999
2022-05-17,75.459999,0.8127962327788122,0.8241498313937886,0.8064412562016913,74.870003
2022-05-18,74.870003,0.8064412562016913,0.8236758979036005,0.7915769190683722,73.489998
2022-05-19,73.489998,0.7915769190683722,0.823081684715569,0.8009479125785399,74.360001
2022-05-20,74.360001,0.8009479125785399,0.8226203176484413,0.8054179795526919,74.775002
2022-05-23,74.775002,0.8054179795526919,0.8219013392676151,0.8173201235381354,75.879997
2022-05-24,75.879997,0.8173201235381354,0.8213538017242773,0.8069797633338976,74.919998
2022-05-25,74.919998,0.8069797633338976,0.8207147084538869,0.8139810777243032,75.57
2022-05-26,75.57,0.8139810777243032,0.8200980566608387,0.8252908907923693,76.620003
2022-05-27,76.620003,0.8252908907923693,0.8193943373284939,0.8148966206332021,75.654999
2022-05-31,75.654999,0.8148966206332021,0.8188692398263354,0.8096725682754231,75.169998
2022-06-01,75.169998,0.8096725682754231,0.8183450408234257,0.8117191323446417,75.360001
2022-06-02,75.360001,0.8117191323446417,0.8183683781072116,0.8112882727827777,75.32
2022-06-03,75.32,0.8112882727827777,0.8182104007558698,0.8192589538672534,76.059998
2022-06-06,76.059998,0.8192589538672534,0.8184814755557152,0.8246445637503043,76.559998
2022-06-07,76.559998,0.8246445637503043,0.8189204027611837,0.8287376703463021,76.940002
2022-06-08,76.940002,0.8287376703463021,0.8195603930946602,0.8311073602372839,77.160004
2022-06-09,77.160004,0.8311073602372839,0.820143834165324,0.8081646082793886,75.029999
2022-06-10,75.029999,0.8081646082793886,0.81982069703378,0.7776820347988812,72.199997
2022-06-13,72.199997,0.7776820347988812,0.8190595299393738,0.7669647249877088,71.205002
2022-06-14,71.205002,0.7669647249877088,0.8177732665994515,0.7622791905333559,70.769997
2022-06-15,70.769997,0.7622791905333559,0.8164457130451982,0.7376669964526926,68.485001
2022-06-16,68.485001,0.7376669964526926,0.8146334551400313,0.7404136251793892,68.739998
2022-06-17,68.739998,0.7404136251793892,0.8130411092793816,0.7551702285726078,70.110001
2022-06-21,70.110001,0.7551702285726078,0.8117198396547398,0.7445067425466068,69.120003
2022-06-22,69.120003,0.7445067425466068,0.8101705797502764,0.7488151658257288,69.519997
2022-06-23,69.519997,0.7488151658257288,0.8086392702630737,0.763679502959048,70.900002
2022-06-24,70.900002,0.763679502959048,0.8070971913513082,0.7687419870203355,71.370003
2022-06-27,71.370003,0.7687419870203355,0.8057902835325415,0.7631408988858638,70.849998
2022-06-28,70.849998,0.7631408988858638,0.8044447781248649,0.756139595266678,70.199997
2022-06-29,70.199997,0.756139595266678,0.80317844154151,0.7637872366991485,70.910004
2022-06-30,70.910004,0.7637872366991485,0.8021300435356907,0.7781668043156744,72.245003
2022-07-01,72.245003,0.7781668043156744,0.8013536186494452,0.7700344795361689,71.489998
2022-07-05,71.489998,0.7700344795361689,0.800481149848391,0.7731581440395582,71.779999
2022-07-06,71.779999,0.7731581440395582,0.7993663287821199,0.7562473290067785,70.209999
2022-07-07,70.209999,0.7562473290067785,0.7979319617089745,0.7579707672542338,70.370003
2022-07-08,70.370003,0.7579707672542338,0.7966950668186875,0.7558164694449148,70.169998
2022-07-11,70.169998,0.7558164694449148,0.7954348333879724,0.756139595266678,70.199997
2022-07-12,70.199997,0.756139595266678,0.7943038547739707,0.7426755705590509,68.949997
2022-07-13,68.949997,0.7426755705590509,0.7929511683735965,0.743429555942678,69.019997
2022-07-14,69.019997,0.743429555942678,0.7918650698419536,0.7556010881344717,70.150002
2022-07-15,70.150002,0.7556010881344717,0.7909082263065446,0.75919866476513,70.484001
2022-07-18,70.484001,0.75919866476513,0.7898515692884494,0.7747738377756932,71.93
2022-07-19,71.93,0.7747738377756932,0.7890078242786657,0.783713971723997,72.760002
2022-07-20,72.760002,0.783713971723997,0.7886721221602238,0.7875377116560841,73.114998
2022-07-21,73.114998,0.7875377116560841,0.7881488202204003,0.7894227074288113,73.290001
2022-07-22,73.290001,0.7894227074288113,0.7880267463963846,0.7826368712898264,72.660004
2022-07-25,72.660004,0.7826368712898264,0.7877233581167613,0.7840370975457603,72.790001
2022-07-26,72.790001,0.7840370975457603,0.7870537480060501,0.8251831570522687,76.610001
2022-07-27,76.610001,0.8251831570522687,0.7871776175719212,0.8346617981327789,77.489998
2022-07-28,77.489998,0.8346617981327789,0.7877969621699111,0.8460793449409455,78.550003
2022-07-29,78.550003,0.8460793449409455,0.7886802032678534,0.8514649548239964,79.050003
2022-08-01,79.050003,0.8514649548239964,0.7890787385787195,0.8484489486621694,78.769997
2022-08-02,78.769997,0.8484489486621694,0.7895580576787906,0.8584661830446438,79.699997
2022-08-03,79.699997,0.8584661830446438,0.7904251397928397,0.8596510279901347,79.809998
2022-08-04,79.809998,0.8596510279901347,0.7914340433261832,0.8586277405699155,79.714996
2022-08-05,79.714996,0.8586277405699155,0.7923163844887141,0.8623977321153699,80.065002
2022-08-08,80.065002,0.8623977321153699,0.7934087655138059,0.8517880806457595,79.080002
2022-08-09,79.080002,0.8517880806457595,0.794266872508985,0.8675678745182196,80.544998
2022-08-10,80.544998,0.8675678745182196,0.7951743477742792,0.87828527049915,81.540001
2022-08-11,81.540001,0.87828527049915,0.7963735435749051,0.8817320608243024,81.860001
2022-08-12,81.860001,0.8817320608243024,0.7975224740423299,0.8825937691768104,81.940002
2022-08-15,81.940002,0.8825937691768104,0.7987916825919151,0.8806549496189121,81.760002
2022-08-16,81.760002,0.8806549496189121,0.8002763164344242,0.8709608410582008,80.860001
2022-08-17,80.860001,0.8709608410582008,0.8014431985757519,0.8680525578652546,80.589996
2022-08-18,80.589996,0.8680525578652546,0.8024871082142945,0.8638517929276947,80.199997
2022-08-19,80.199997,0.8638517929276947,0.8032626360374538,0.8431172487340478,78.275002
2022-08-22,78.275002,0.8431172487340478,0.8038649274607896,0.8364929701203347,77.660004
2022-08-23,77.660004,0.8364929701203347,0.8042401256673901,0.8364929701203347,77.660004
2022-08-24,77.660004,0.8364929701203347,0.804426826989523,0.8427402129573551,78.239998
2022-08-25,78.239998,0.8427402129573551,0.8048908868615922,0.8443559066934903,78.389999
2022-08-26,78.389999,0.8443559066934903,0.8054689425018932,0.8056872708180642,74.800003
2022-08-29,74.800003,0.8056872708180642,0.8053684114764502,0.8009479125785399,74.360001
2022-08-30,74.360001,0.8009479125785399,0.805196072139713,0.7915769190683722,73.489998
2022-08-31,73.489998,0.7915769190683722,0.8047347048930649,0.783713971723997,72.760002
2022-09-01,72.760002,0.783713971723997,0.8040525283592931,0.7928694977539636,73.610001
2022-09-02,73.610001,0.7928694977539636,0.8034547254827541,0.777143527666675,72.150002
2022-09-06,72.150002,0.777143527666675,0.8025553282732439,0.7917923865485733,73.510002
2022-09-07,73.510002,0.7917923865485733,0.8022824579110637,0.788668722045184,73.220001
2022-09-08,73.220001,0.788668722045184,0.8024655693651687,0.7921155123703366,73.540001
2022-09-09,73.540001,0.7921155123703366,0.8028847491548792,0.7981473631256942,74.099998
2022-09-12,74.099998,0.7981473631256942,0.8034825520314182,0.780159447658744,72.43
2022-09-13,72.43,0.780159447658744,0.804190759551519,0.7666415991659458,71.175003
2022-09-14,71.175003,0.7666415991659458,0.804627892451295,0.7589401339483038,70.459999
2022-09-15,70.459999,0.7589401339483038,0.8046907242075565,0.7356743423384035,68.300003
2022-09-16,68.300003,0.7356743423384035,0.8045435175374198,0.7362128494706096,68.349998
2022-09-19,68.349998,0.7362128494706096,0.8043334789315011,0.7325506778350142,68.010002
2022-09-20,68.010002,0.7325506778350142,0.8038146651794339,0.7414907256135599,68.839996
2022-09-21,68.839996,0.7414907256135599,0.8033604774893209,0.722910393059474,67.114998
2022-09-22,67.114998,0.722910393059474,0.802689969058881,0.7101465191790832,65.93
2022-09-23,65.93,0.7101465191790832,0.8019234177907545,0.7171478335694886,66.580002
2022-09-26,66.580002,0.7171478335694886,0.8011460944052601,0.7135933095042356,66.25
2022-09-27,66.25,0.7135933095042356,0.8000698694917361,0.7133779174225728,66.230003
2022-09-28,66.230003,0.7133779174225728,0.7991255934565094,0.7040069346836249,65.360001
2022-09-29,65.360001,0.7040069346836249,0.7979730733005772,0.699267565672881,64.919998
2022-09-30,64.919998,0.699267565672881,0.7970234105783457,0.7110082383028108,66.010002
2022-10-03,66.010002,0.7110082383028108,0.7962407017624886,0.7268419421301999,67.480003
2022-10-04,67.480003,0.7268419421301999,0.79575779297391,0.7311503654093221,67.879997
2022-10-05,67.879997,0.7311503654093221,0.7953413058096206,0.7282421791573537,67.610001
2022-10-06,67.610001,0.7282421791573537,0.7951007492862591,0.7163938481858616,66.510002
2022-10-07,66.510002,0.7163938481858616,0.7946501541569788,0.7107927708226097,65.989998
2022-10-10,65.989998,0.7107927708226097,0.7939033488684477,0.7062688800632865,65.57
2022-10-11,65.57,0.7062688800632865,0.7930211857900836,0.7037914564322041,65.339996
2022-10-12,65.339996,0.7037914564322041,0.7918381461010255,0.7060534879816238,65.550003
2022-10-13,65.550003,0.7060534879816238,0.7905438047053193,0.7119776049968809,66.099998
2022-10-14,66.099998,0.7119776049968809,0.7892844695943325,0.707992307539522,65.730003
2022-10-17,65.730003,0.707992307539522,0.7879272962628444,0.7216717243288119,67.0
2022-10-18,67.0,0.7216717243288119,0.7869112104801609,0.7211331310268475,66.949997
2022-10-19,66.949997,0.7211331310268475,0.7858628110381789,0.7184942360402514,66.705002
2022-10-20,66.705002,0.7184942360402514,0.7840846623546454,0.7210254726852854,66.940002
2022-10-21,66.940002,0.7210254726852854,0.7821907235971871,0.7312580991494226,67.889999
2022-10-24,67.889999,0.7312580991494226,0.7802770361673284,0.7422447971669451,68.910004
2022-10-25,68.910004,0.7422447971669451,0.7784567002063775,0.7448298683683701,69.150002
2022-10-26,69.150002,0.7448298683683701,0.7767297155348143,0.7703576053579322,71.519997
2022-10-27,71.519997,0.7703576053579322,0.7752612392400358,0.7741275969033863,71.870003
2022-10-28,71.870003,0.7741275969033863,0.7738358487219232,0.7703576053579322,71.519997
2022-10-31,71.519997,0.7703576053579322,0.7723646798017235,0.775743215240983,72.019997
2022-11-01,72.019997,0.775743215240983,0.7709204378538171,0.7816674184259982,72.57
2022-11-02,72.57,0.7816674184259982,0.7697517601501543,0.7657259700872887,71.089996
2022-11-03,71.089996,0.7657259700872887,0.7680543950763055,0.7956700364355896,73.870003
2022-11-04,73.870003,0.7956700364355896,0.7666774745085795,0.794592849831661,73.769997
2022-11-07,73.769997,0.794592849831661,0.7652251543253688,0.7992244743310846,74.199997
2022-11-08,74.199997,0.7992244743310846,0.76383566607794,0.7958854177460327,73.889999
2022-11-09,73.889999,0.7958854177460327,0.7624228405467253,0.8197975471692178,76.110001
2022-11-10,76.110001,0.8197975471692178,0.761570118981909,0.8404782675776936,78.029999
2022-11-11,78.029999,0.8404782675776936,0.7611105474771163,0.8569582230486092,79.559998
2022-11-14,79.559998,0.8569582230486092,0.7609956546457981,0.85609657932342,79.480003
2022-11-15,79.480003,0.85609657932342,0.7612119768222877,0.8590047763466082,79.75
2022-11-16,79.75,0.8590047763466082,0.7615871735927257,0.8338001651788094,77.410004
2022-11-17,77.410004,0.8338001651788094,0.7615422935103668,0.8483412903206071,78.760002
2022-11-18,78.760002,0.8483412903206071,0.7616356447997544,0.8457561437206439,78.519997
2022-11-21,78.519997,0.8457561437206439,0.7616589820835403,0.8465101183330512,78.589996
2022-11-22,78.589996,0.8465101183330512,0.7623393628754568,0.8458638774607444,78.529999
2022-11-23,78.529999,0.8458638774607444,0.7630879622901602,0.8511202219353823,79.017998
2022-11-25,79.017998,0.8511202219353823,0.764080350671277,0.8440327916429466,78.360001
2022-11-28,78.360001,0.8440327916429466,0.7650856643365928,0.8360621105584709,77.620003
2022-11-29,77.620003,0.8360621105584709,0.765805541216668,0.8419324037885568,78.165001
2022-11-30,78.165001,0.8419324037885568,0.7668853558186993,0.8499569948279618,78.910004
2022-12-01,78.910004,0.8499569948279618,0.7678547659566892,0.8634210195355889,80.160004
2022-12-02,80.160004,0.8634210195355889,0.7691006375815291,0.8537269002036579,79.260002
2022-12-05,79.260002,0.8537269002036579,0.7701274940454179,0.8532960406417941,79.220001
2022-12-06,79.220001,0.8532960406417941,0.7710466386706862,0.8562042376649822,79.489998
2022-12-07,79.489998,0.8562042376649822,0.7723140518374568,0.8616975812881337,80.0
2022-12-08,80.0,0.8616975812881337,0.77389831820616,0.8616975812881337,80.0
2022-12-09,80.0,0.8616975812881337,0.7756109423284906,0.8683757698567759,80.620003
2022-12-12,80.620003,0.8683757698567759,0.77782263278713,0.8832400208203369,82.0
2022-12-13,82.0,0.8832400208203369,0.7802730856429588,0.8825937691768104,81.940002
2022-12-14,81.940002,0.8825937691768104,0.7827738038319887,0.8570659567887098,79.57
2022-12-15,79.57,0.8570659567887098,0.7847000576849079,0.8480181644988438,78.730003
2022-12-16,78.730003,0.8480181644988438,0.7867851872088975,0.8510879190473037,79.014999
2022-12-19,79.014999,0.8510879190473037,0.7891342105400344,0.8429556804375562,78.260002
2022-12-20,78.260002,0.8429556804375562,0.7912310079878355,0.8523265877779659,79.129997
2022-12-21,79.129997,0.8523265877779659,0.7935432292923977,0.8485566824022699,78.779999
2022-12-22,78.779999,0.8485566824022699,0.795796208708726,0.8469409778949151,78.629997
2022-12-23,78.629997,0.8469409778949151,0.7981784427622476,0.8506032357002686,78.970001
2022-12-27,78.970001,0.8506032357002686,0.8007007039293706,0.8482335565805066,78.75
2022-12-28,78.75,0.8482335565805066,0.8029877925673323,0.8534037743818946,79.230003
2022-12-29,79.230003,0.8534037743818946,0.8050971564381939,0.8508186277819314,78.989998
2022-12-30,78.989998,0.8508186277819314,0.8070916274777374,0.8558811118432189,79.459999
2023-01-03,79.459999,0.8558811118432189,0.8092189430225019,0.8710685747983014,80.870003
2023-01-04,80.870003,0.8710685747983014,0.8117968551327092,0.8704222477562363,80.809998
2023-01-05,80.809998,0.8704222477562363,0.8144573464149364,0.8837786141223014,82.050003
2023-01-06,82.050003,0.8837786141223014,0.8174158419825867,0.8932034314176404,82.925003
2023-01-09,82.925003,0.8932034314176404,0.8205727082323439,0.8807626079604743,81.769997
2023-01-10,81.769997,0.8807626079604743,0.823484526898658,0.8857174336801996,82.230003
2023-01-11,82.230003,0.8857174336801996,0.8263801907100466,0.8939035068463381,82.989998
2023-01-12,82.989998,0.8939035068463381,0.8294787106984935,0.8972426388299285,83.300003
2023-01-13,83.300003,0.8972426388299285,0.8324048926068455,0.8992891167293889,83.489998
2023-01-17,83.489998,0.8992891167293889,0.8353741590352212,0.8983197500353188,83.400002
2023-01-18,83.400002,0.8983197500353188,0.8383712509351391,0.8807626079604743,81.769997
2023-01-19,81.769997,0.8807626079604743,0.8410335365230589,0.8707453628067799,80.839996
2023-01-20,80.839996,0.8707453628067799,0.8433583242506816,0.8809242516555041,81.785004
2023-01-23,81.785004,0.8809242516555041,0.8456696484921575,0.8888949327399799,82.525002
2023-01-24,82.525002,0.8888949327399799,0.8480707328983511,0.8778544109372861,81.5
2023-01-25,81.5,0.8778544109372861,0.8498623463246737,0.8774235513754223,81.459999
2023-01-26,81.459999,0.8774235513754223,0.8515839455658744,0.8789315113714568,81.599998
2023-01-27,81.599998,0.8789315113714568,0.8533935106660998,0.8780698030189489,81.519997
2023-01-30,81.519997,0.8780698030189489,0.8550989537957324,0.8857174336801996,82.230003
2023-01-31,82.230003,0.8857174336801996,0.8568331207166359,0.9168462588042334,85.120003
2023-02-01,85.120003,0.9168462588042334,0.8593517921952516,0.9213701495635567,85.540001
2023-02-02,85.540001,0.9213701495635567,0.8614467940807178,0.9139379756112872,84.849998
2023-02-03,84.849998,0.9139379756112872,0.8634358795103783,0.9139379756112872,84.849998
2023-02-06,84.849998,0.9139379756112872,0.8653477711983817,0.902843640794642,83.82
2023-02-07,83.82,0.902843640794642,0.8671304082491919,0.904997852434203,84.019997
2023-02-08,84.019997,0.904997852434203,0.8685504133369416,0.9074752652940657,84.25
2023-02-09,84.25,0.9074752652940657,0.8696670299655478,0.8986428650858624,83.43
2023-02-10,83.43,0.8986428650858624,0.870361773999502,0.9113529151810821,84.610001
2023-02-13,84.610001,0.9113529151810821,0.8712827129304631,0.9141534538627081,84.870003
2023-02-14,84.870003,0.9141534538627081,0.8722018575557314,0.9117837747429459,84.650002
2023-02-15,84.650002,0.9117837747429459,0.8735015843818004,0.9066135461703382,84.169998
2023-02-16,84.169998,0.9066135461703382,0.8744727886459626,0.9135071268206431,84.809998
2023-02-17,84.809998,0.9135071268206431,0.8756019716976292,0.9081215169375922,84.309998
2023-02-21,84.309998,0.9081215169375922,0.8766288283410383,0.9061826866084742,84.129997
2023-02-22,84.129997,0.9061826866084742,0.8776341418268337,0.9062904203485748,84.139999
2023-02-23,84.139999,0.9062904203485748,0.8785536451337204,0.904997852434203,84.019997
2023-02-24,84.019997,0.904997852434203,0.8795697294802414,0.9103834623172539,84.519997
2023-02-27,84.519997,0.9103834623172539,0.8808084186762211,0.9154459463785414,84.989998
2023-02-28,84.989998,0.9154459463785414,0.8820336443860541,0.9215855416452193,85.559998
2023-03-01,85.559998,0.9215855416452193,0.8832274534996751,0.9260555978481516,85.974998
2023-03-02,85.974998,0.9260555978481516,0.884271363138218,0.9377423712943718,87.059998
2023-03-03,87.059998,0.9377423712943718,0.8856716209897297,0.9406506437160983,87.330002
2023-03-06,87.330002,0.9406506437160983,0.8871275310409682,0.9350495663528464,86.809998
2023-03-07,86.809998,0.9350495663528464,0.8884416198524325,0.9224472499977273,85.639999
2023-03-08,85.639999,0.9224472499977273,0.8894541143309257,0.9237398286833188,85.760002
2023-03-09,85.760002,0.9237398286833188,0.8904881517875121,0.9061826866084742,84.129997
2023-03-10,84.129997,0.9061826866084742,0.891118267066707,0.8938496830611669,82.985001
2023-03-13,82.985001,0.8938496830611669,0.8912950947707209,0.9041362087090138,83.940002
2023-03-14,83.940002,0.9041362087090138,0.8916541354295909,0.8900258569593218,82.629997
2023-03-15,82.629997,0.8900258569593218,0.8922034670991011,0.8793623709333206,81.639999
2023-03-16,81.639999,0.8793623709333206,0.8927258705396758,0.8750538722556601,81.239998
2023-03-17,81.239998,0.8750538722556601,0.8931253030931484,0.882055175874846,81.889999
2023-03-20,81.889999,0.882055175874846,0.8937769613504366,0.8932572552028116,82.93
2023-03-21,82.93,0.8932572552028116,0.8944591391408507,0.8885178969632872,82.489998
2023-03-22,82.489998,0.8885178969632872,0.8951251593835343,0.877897474273911,81.503998
2023-03-23,81.503998,0.877897474273911,0.8956411009898508,0.8686988956785392,80.650002
2023-03-24,80.650002,0.8686988956785392,0.895942695322822,0.8775312851155228,81.470001
2023-03-27,81.470001,0.8775312851155228,0.8964309907984057,0.8805472158788116,81.75
2023-03-28,81.75,0.8805472158788116,0.896883381490021,0.8946574922299652,83.059998
2023-03-29,83.059998,0.8946574922299652,0.8976140292308216,0.900904810465524,83.639999
2023-03-30,83.639999,0.900904810465524,0.8983644242078601,0.9098449444138278,84.470001
2023-03-31,84.470001,0.9098449444138278,0.8990106970347855,0.9133994684790809,84.800003
2023-04-03,84.800003,0.9133994684790809,0.8997269840468328,0.9124300156152527,84.709999
